event_id,date,date_end,place_id,event_type,headline,fact_text,quote,confirmed_cases,suspected_cases,confirmed_deaths,suspected_deaths,contacts,source_id,source_type,confidence,data_status,display_priority,display_tier,map_layer,timeline_group,update_status,notes
ev_20260424_bunia_first_known,2026-04-24,,bunia,first_known_case,Premier signal clinique documenté à Bunia,"Le 24 avril, un soignant présente fièvre, hémorragies, vomissements et malaise intense avant de mourir dans un centre médical de Bunia. L'OMS le décrit comme le premier cas suspect actuellement connu, mais pas comme le point d'origine de l'épidémie : la confirmation Bundibugyo n'interviendra qu'à la mi-mai, après près de trois semaines de circulation silencieuse.",,,,,,,who_don602_2026_05_16,official,medium,provisional,1,primary,clinical,silent_spread,active,Ne pas présenter comme patient zéro ; cas index zoonotique non identifié.
ev_20260426_relative_sick,2026-04-26,,bunia,first_known_case,Un proche entre à son tour dans la zone grise,"Deux jours après le premier signal clinique de Bunia, le récit journalistique initial mentionne l'apparition de symptômes chez une proche du défunt. L'information reste reconstruite et doit être lue comme un indice de transmission familiale précoce, non comme une chaîne confirmée : à ce stade, ni le virus ni l'ampleur du foyer ne sont encore identifiés.",,,,,,,jeune_afrique_pdf_2026_05_19,media,medium,reconstructed,3,verify,clinical,silent_spread,active,Element narratif utile mais a recouper.
ev_20260430_body_transfer,2026-04-30,,mongbwalu,early_signal,"À Mongbwalu, les décès sortent de l'ombre","À la charnière d'avril et de mai, Mongbwalu apparaît déjà dans les reconstructions comme un foyer de décès communautaires et familiaux compatibles avec Ebola. Les enquêtes ultérieures insisteront sur le rôle possible d'expositions funéraires dans cette zone minière très mobile ; pour cette date, il faut toutefois parler d'un signal épidémiologique, pas d'une chaîne de transmission prouvée.",,,,,,,jeune_afrique_pdf_2026_05_19,media,medium,reconstructed,2,secondary,mobility,silent_spread,active,Representer comme risque funeraire pas chaine prouvee.
ev_20260501_care_seeking,2026-05-01,,mongbwalu,early_signal,La recherche de soins devient un accélérateur,"Début mai, alors que la maladie circule encore sans diagnostic, des malades de Mongbwalu se déplacent vers Rwampara puis Bunia pour chercher des soins. Ce mouvement, dans une zone minière où les allers-retours sont constants, transforme les structures de santé en points d'amplification possibles : le virus voyage avec les patients avant même d'avoir un nom.",,,,,,,who_don602_2026_05_16,official,low,reconstructed,2,context,mobility,silent_spread,active,Date du 1er mai approximative : les sources ne datent pas precisement ces deplacements (periode de circulation silencieuse). Reconstruction de la migration de soins Mongbwalu vers Rwampara/Bunia.
ev_20260505_mongbwalu_alert,2026-05-05,,mongbwalu,alert,L'alerte remonte enfin : quatre soignants morts,"Le 5 mai, l'OMS reçoit une alerte sur une maladie inconnue à forte mortalité dans la zone de santé de Mongbwalu, en Ituri. Le signal est grave : quatre soignants seraient morts en quatre jours. Cette concentration de décès parmi le personnel médical fait basculer l'épisode d'une rumeur locale vers une investigation d'urgence.",,,,,,,who_don602_2026_05_16,official,high,confirmed,1,primary,alert,detection_confirmation,active,
ev_20260508_official_notification,2026-05-08,,mongbwalu,alert,Les rumeurs deviennent un signal officiel,"Le 8 mai marque la formalisation de l'alerte après plusieurs signalements de décès groupés et de fièvres hémorragiques présumées autour de Mongbwalu. La maladie reste alors sans étiquette biologique, mais les autorités disposent déjà d'assez d'indices pour traiter l'épisode comme une urgence sanitaire et non comme une succession de décès isolés.",,,,,,,deep_report_initial_2026_05_20,analysis,high,confirmed,1,secondary,alert,detection_confirmation,active,
ev_20260509_msf_alerts,2026-05-09,2026-05-10,mongbwalu,early_signal,MSF capte les signaux d'une fièvre hémorragique,"Durant le week-end, MSF signale avoir reçu des alertes sur une fièvre hémorragique présumée à Mongbwalu. Le point essentiel n'est pas encore le bilan, mais la nature du signal : des symptômes compatibles avec Ebola, dans un foyer où les décès se multiplient et où les moyens de diagnostic restent insuffisants.",,,,,,,deep_report_initial_2026_05_20,analysis,medium,confirmed,2,secondary,alert,detection_confirmation,active,
ev_20260511_ituri_meeting,2026-05-11,,rwampara,investigation,La riposte provinciale se met en route,"Le 11 mai, une réunion d'urgence en Ituri organise le déploiement d'équipes d'intervention rapide vers Mongbwalu et Rwampara. À ce moment, la riposte travaille encore à l'aveugle : il faut enquêter, prélever, isoler, retrouver les contacts et contenir une flambée qui a probablement pris de l'avance sur la surveillance.",,,,,,,deep_report_initial_2026_05_20,analysis,high,confirmed,2,secondary,response,detection_confirmation,active,
ev_20260511_kampala_admission,2026-05-11,,kampala,cross_border_case,Kampala reçoit le premier cas importé,"Le 11 mai, un Congolais de 59 ans est admis à l'hôpital Kibuli Muslim de Kampala avec fièvre, détresse respiratoire, douleurs abdominales et difficultés urinaires. Il vient de RDC et son diagnostic ne sera posé qu'après sa mort. Ce cas fait entrer l'Ouganda dans l'épidémie par la voie la plus difficile à contrôler : la recherche transfrontalière de soins.",,,,,,,deep_report_initial_2026_05_20,analysis,high,confirmed,1,primary,mobility,regional_spread,active,
ev_20260512_investigations_samples,2026-05-12,2026-05-14,rwampara,investigation,"Les prélèvements partent, l'épidémie attend son nom","Le 12 mai, les investigations se concentrent sur Mongbwalu et Rwampara, avec des prélèvements envoyés pour analyse. Le délai de laboratoire devient un enjeu central : tant que l'agent n'est pas identifié, les cas restent mélangés aux autres fièvres graves, les contacts s'accumulent et les décisions de contrôle restent fragiles.",,,,,,,deep_report_initial_2026_05_20,analysis,high,confirmed,2,secondary,response,detection_confirmation,active,
ev_20260514_kampala_death,2026-05-14,,kampala,cross_border_case,Le cas importé meurt avant la confirmation,"Le 14 mai, le patient congolais admis à Kampala décède en soins intensifs, après une dégradation rapide et des signes hémorragiques. Sa confirmation post mortem comme cas de Bundibugyo fera de lui le premier cas importé reconnu en Ouganda et déclenchera une recherche de contacts dans les services où il a été pris en charge.",,,,1,,,deep_report_initial_2026_05_20,analysis,high,confirmed,1,secondary,clinical,regional_spread,active,
ev_20260514_lab_non_zaire,2026-05-14,,rwampara,lab_confirmation,Le laboratoire écarte la piste Ebola-Zaïre,"Les premiers résultats de laboratoire indiquent un orthoebolavirus non-Zaïre, ensuite séquencé comme virus Bundibugyo. Cette précision change la lecture de la crise : les vaccins et traitements approuvés contre Ebola-Zaïre ne couvrent pas cette souche, et la confirmation dépend de tests spécifiques disponibles en quantité limitée.",,8,,,,,deep_report_initial_2026_05_20,analysis,high,confirmed,1,primary,alert,detection_confirmation,active,
ev_20260515_drc_declaration,2026-05-15,,bunia,official_declaration,La RDC déclare sa 17e épidémie d'Ebola,"Le 15 mai, après confirmation de huit échantillons, le ministère congolais de la Santé déclare officiellement la 17e épidémie d'Ebola du pays. Les zones de Rwampara, Mongbwalu et Bunia sont au cœur du signal initial. La déclaration donne enfin un cadre à une flambée qui circulait déjà depuis plusieurs semaines.",,8,246,,80,65,deep_report_initial_2026_05_20,analysis,high,provisional,1,primary,alert,detection_confirmation,active,Chiffres initiaux provisoires.
ev_20260515_uganda_confirmed,2026-05-15,,kampala,cross_border_case,L'Ouganda confirme l'importation par Kampala,"Le même jour, l'Ouganda confirme un foyer de Bundibugyo après l'identification du cas importé de Kampala. Les autorités parlent d'abord d'un cas venu de RDC, sans transmission locale confirmée à ce stade, mais la situation est immédiatement sensible : les contacts hospitaliers, familiaux et de transport deviennent prioritaires.",,1,,,,,deep_report_initial_2026_05_20,analysis,high,confirmed,1,secondary,mobility,regional_spread,active,
ev_20260516_who_pheic,2026-05-16,2026-05-17,bunia,official_declaration,L'OMS enclenche l'alerte internationale,"Autour du 16-17 mai, l'OMS considère que l'événement remplit les critères d'une urgence de santé publique de portée internationale. Le raisonnement tient à trois éléments : circulation déjà détectée en RDC et en Ouganda, forte incertitude sur le nombre réel de cas, et contexte explosif mêlant mobilité, soins informels, funérailles à risque et insécurité.",,,,,,,deep_report_initial_2026_05_20,analysis,high,confirmed,1,primary,response,detection_confirmation,active,
ev_20260517_uganda_second_case,2026-05-17,,kampala,cross_border_case,"Deux cas importés à Kampala, sans lien clair","À ce stade, Kampala n'est plus seulement le lieu d'un décès importé : deux cas confirmés, tous deux liés à des déplacements depuis la RDC et sans lien apparent entre eux, sont signalés à vingt-quatre heures d'intervalle. Pour l'Ouganda, le risque devient double : soigner les cas importés et éviter que l'hôpital ne transforme l'exposition en transmission locale.",,2,,,,,deep_report_initial_2026_05_20,analysis,high,confirmed,1,secondary,mobility,regional_spread,active,
ev_20260518_nyankunde_case,2026-05-18,,nyankunde,situation_update,Nyankunde révèle le risque nosocomial,"Le cas du Dr Peter Stafford, médecin missionnaire exposé en soignant des patients à l'hôpital de Nyankunde, illustre l'un des angles les plus préoccupants de l'épidémie : la transmission associée aux soins. Avant que Bundibugyo soit identifié, des soignants ont opéré, examiné ou transporté des patients sans connaître le niveau réel de risque.",,,,,,,deep_report_2026_05_27,analysis,medium,confirmed,2,secondary,clinical,regional_spread,active,A verifier avec source primaire.
ev_20260519_scale_change,2026-05-19,,bunia,situation_update,Le bruit de fond devient bilan massif,"Autour du 19 mai, les communications congolaises et les reprises de presse font basculer l'épisode dans une autre dimension : plusieurs centaines de cas suspects et plus d'une centaine de décès sont évoqués. Ces chiffres restent provisoires, mais ils montrent surtout que la surveillance officielle tente de rattraper une flambée déjà installée.",,,513,,131,,deep_report_2026_05_27,analysis,medium,provisional,2,secondary,clinical,regional_spread,active,
ev_20260520_insp_update,2026-05-20,,drc_total,situation_update,Le SitRep transforme l'alerte en suivi de masse,"Le point INSP du 20 mai donne une première structure chiffrée à la crise : 51 cas confirmés, 575 suspects, 148 décès suspects et 847 contacts listés. Le bilan doit être lu comme un instantané provisoire, car les laboratoires reclassent progressivement les cas et les décès signalés dans la communauté.",,51,575,,148,847,deep_report_initial_2026_05_20,analysis,medium,provisional,1,primary,clinical,regional_spread,active,Donnees provisoires et divergentes avec OMS.
ev_20260521_rwampara_tents_burned,2026-05-21,,rwampara,attack,"À Rwampara, la sépulture sécurisée met le feu à la riposte","Le 21 mai, une dispute autour du corps d'un suspect Ebola dégénère à l'hôpital de Rwampara : des tentes de prise en charge sont incendiées. L'incident résume une faille majeure de la riposte : les enterrements sécurisés sont indispensables car les corps restent très contagieux, mais ils heurtent des pratiques et des deuils que les autorités ne peuvent pas simplement imposer.",,,,,,,deep_report_2026_05_27,analysis,high,confirmed,1,primary,constraint,response_breakdown,active,Representer comme rupture de controle.
ev_20260522_who_risk_very_high,2026-05-22,,drc_total,situation_update,L'OMS classe le risque national comme très élevé,"Le 22 mai, l'OMS relève le risque national pour la RDC à un niveau très élevé. Les chiffres approchent alors 82 cas confirmés, 750 suspects et 177 décès suspects, mais l'inquiétude tient surtout à la combinaison des facteurs : foyers multiples, contacts difficiles à suivre, insécurité, déplacements, manque de lits et circulation entre RDC et Ouganda.",,82,750,,177,,who_2026_05_22_item2,official,high,provisional,1,primary,clinical,response_breakdown,active,
ev_20260522_ituri_funeral_ban,2026-05-22,,mongbwalu,response_measure,L'Ituri tente de casser la chaîne funéraire,"L'interdiction des veillées funéraires en Ituri vise l'un des moteurs classiques d'Ebola : le contact direct avec les corps. Cette mesure est sanitaire, mais aussi politiquement explosive. Elle intervient alors que la méfiance envers les équipes médicales monte et que plusieurs familles contestent les enterrements sécurisés.",,,,,,,deep_report_2026_05_27,analysis,high,confirmed,2,secondary,response,response_breakdown,active,
ev_20260523_mongbwalu_tent_burned,2026-05-23,,mongbwalu,attack,"À Mongbwalu, l'isolement craque","Le 23 mai, des tentes d'isolement installées à l'hôpital général de Mongbwalu sont incendiées et 18 patients soupçonnés d'Ebola quittent la structure. Le directeur médical indiquera qu'au moins un résultat positif figurait parmi les patients en fuite : l'attaque ne détruit donc pas seulement du matériel, elle remet potentiellement le virus en circulation communautaire.",,,18,,,,deep_report_2026_05_27,analysis,high,confirmed,1,primary,constraint,response_breakdown,active,
ev_20260523_ifrc_march_signal,2026-05-23,,mongbwalu,uncertainty_note,Une piste possible remonte avant avril,"Le signal évoqué par l'IFRC sur trois volontaires possiblement infectés dès le 27 mars doit rester dans la catégorie des indices, pas des faits établis. Il est néanmoins narrativement important : il suggère que la date officielle de détection pourrait masquer une phase de circulation beaucoup plus ancienne, encore mal documentée.",,,,,,,deep_report_2026_05_27,analysis,medium,provisional,3,verify,clinical,silent_spread,active,Indice tres important mais a verifier avant visualisation centrale.
ev_20260524_burial_tensions,2026-05-24,,rwampara,response_constraint,Les enterrements deviennent un front de crise,"Après les incidents de Rwampara et Mongbwalu, les tensions autour des corps et des enterrements restent un point de blocage majeur. Pour les équipes de riposte, chaque funéraille non sécurisée peut devenir un événement de transmission ; pour les familles, chaque restriction peut être perçue comme une confiscation du deuil.",,,,,,,deep_report_2026_05_27,analysis,medium,provisional,3,context,constraint,response_breakdown,active,
ev_20260525_third_attack,2026-05-25,,rwampara,attack,Troisième attaque : la riposte perd du terrain,"Le 25 mai, une nouvelle attaque contre une structure de santé confirme que la crise n'est pas seulement biologique. Les centres de traitement deviennent des lieux de confrontation, les patients peuvent fuir, les soignants doivent travailler sous protection, et la méfiance locale menace directement l'isolement des cas.",,,,,,,deep_report_2026_05_27,analysis,high,confirmed,1,primary,constraint,response_breakdown,active,
ev_20260525_drc_904_disputed,2026-05-25,,drc_total,situation_update,"Les chiffres gonflent, mais leur lecture reste fragile","La communication congolaise évoque environ 904 cas suspects, mais les décès publiés varient selon les sources et les additions. Cette ligne doit donc être lue comme un signal d'emballement, pas comme un bilan stabilisé : à ce moment, les suspects, les décès communautaires et les confirmations de laboratoire ne sont pas encore alignés.",,,904,,119,,deep_report_2026_05_27,analysis,low,disputed,2,context,clinical,response_breakdown,active,Conserver comme divergence et non comme valeur definitive.
ev_20260525_uganda_7_cases,2026-05-25,,uganda_total,cross_border_case,"Kampala passe à sept cas, l'hôpital devient foyer secondaire","Le 25 mai, l'Ouganda ajoute deux cas confirmés et porte son total à sept. Les deux nouveaux malades sont des soignants d'une structure privée de Kampala. Le pays n'est donc plus seulement confronté à des patients venus de RDC : il doit aussi gérer des infections parmi les personnes exposées lors de la prise en charge.",,7,,,,,ap_2026_05_25_uganda_7,media,high,confirmed,1,primary,clinical,cross_border_control,active,
ev_20260526_who_900_223,2026-05-26,,drc_total,situation_update,"Près d'un millier de suspects, un bilan encore mouvant","Le 26 mai, l'OMS parle d'environ 900 cas suspects et 223 décès suspects en RDC, tandis que l'Ouganda compte sept cas confirmés dont un décès. La photographie est alarmante mais instable : une partie des hausses reflète la circulation réelle du virus, une autre le rattrapage tardif des prélèvements et des décès déjà signalés.",,,900,,223,,deep_report_2026_05_27,analysis,high,provisional,1,context,clinical,response_breakdown,active,
ev_20260527_tedros_ceasefire,2026-05-27,,goma,response_measure,Tedros demande un cessez-le-feu sanitaire,"Le 27 mai, Tedros Adhanom Ghebreyesus appelle à un cessez-le-feu immédiat dans l'est de la RDC. Le message dépasse la formule diplomatique : sans accès sécurisé aux zones touchées, sans protection des équipes médicales et sans réduction des déplacements forcés, l'isolement des malades et le suivi des contacts deviennent mécaniquement insuffisants.",catastrophic collision of disease and conflict,,,,,,guardian_2026_05_27_ceasefire,media,high,confirmed,1,primary,response,response_breakdown,active,Evenement de conditions de controle.
ev_20260527_uganda_border_closed,2026-05-27,,kampala,border_closure,Kampala ferme la frontière malgré les réserves de l'OMS,"L'Ouganda annonce la fermeture temporaire de sa frontière avec la RDC pour quatre semaines, avec exceptions pour la riposte Ebola, l'humanitaire, la sécurité et le transport de nourriture ou de fret. La mesure vise à réduire les entrées à risque, mais elle contredit la prudence de l'OMS, qui redoute le basculement vers des passages informels non surveillés.",Uganda is temporarily closing the border with the DRC with immediate effect,7,,,,,ap_2026_05_27_uganda_border,media,high,confirmed,1,primary,mobility,cross_border_control,active,Representer comme mesure de controle frontalier.
ev_20260527_uganda_21_days,2026-05-27,,kampala,response_measure,"Entrer d'urgence, puis s'isoler vingt et un jours","Toute entrée depuis la RDC sous motif d'urgence doit désormais être suivie d'un isolement obligatoire de 21 jours sous supervision médicale. Ce délai correspond à la période maximale d'incubation d'Ebola : il transforme le contrôle frontalier en dispositif de quarantaine, mais augmente aussi le coût social et logistique de chaque passage autorisé.",,,,,,,ja_2026_05_28_border,media,high,confirmed,1,secondary,response,cross_border_control,active,
ev_20260527_prime_time_media,2026-05-27,,kampala,response_measure,La prévention s'invite au prime time,"Les autorités ougandaises annoncent que les médias doivent consacrer chaque jour du temps d'antenne en soirée à la prévention Ebola. L'objectif est clair : contrer les rumeurs avant qu'elles ne saturent l'espace public, rappeler les symptômes, les gestes d'alerte et la nécessité d'éviter les contacts physiques à risque.",,,,,,,ja_2026_05_28_border,media,medium,confirmed,2,context,response,cross_border_control,active,
ev_20260527_ap_more_than_100,2026-05-27,,drc_total,situation_update,La RDC franchit le seuil des 100 confirmés,"À la fin mai, les dépêches indiquent que la RDC dépasse les 100 cas confirmés et approche les 1 000 cas suspects, avec au moins 220 décès suspects. Ce franchissement est moins un simple seuil statistique qu'un changement de récit : l'épidémie n'est plus locale, elle devient une crise régionale à données incomplètes.",,100,1000,,220,,deep_report_2026_05_27,analysis,medium,provisional,1,context,clinical,response_breakdown,active,Les valeurs exactes restent instables.
ev_20260528_rwampara_motorbike,2026-05-28,,rwampara,response_constraint,"À Rwampara, des malades arrivent encore à moto","À Rwampara, des patients sont encore transportés à moto sans protection suffisante, faute d'ambulances disponibles. Dans une épidémie transmise par les fluides corporels, ce détail logistique pèse lourd : chaque trajet improvisé peut exposer un conducteur, une famille, un quartier et retarder l'orientation vers un circuit sécurisé.",,,,,,,ja_2026_05_28_border,media,medium,confirmed,1,primary,constraint,response_breakdown,active,Observation terrain journalistique.
ev_20260528_rwampara_isolation_room,2026-05-28,,rwampara,response_constraint,Une salle d'isolement bricolée après l'incendie,"Après l'incendie des tentes, l'hôpital de Rwampara réorganise ses espaces et déplace des patients atteints d'autres pathologies pour improviser une salle d'isolement. La scène montre une riposte contrainte de reconstruire sa capacité de soins pendant que l'épidémie progresse, avec trop peu de lits et trop peu de marges.",,,,,,,ja_2026_05_28_border,media,medium,confirmed,1,secondary,constraint,response_breakdown,active,Ne pas publier de localisation hyperprecise de structure sensible.
ev_20260528_aid_supplies,2026-05-28,,bunia,response_measure,"L'aide arrive, mais la flambée a déjà pris de l'avance","Des fournitures médicales sont acheminées vers le cœur de l'épidémie alors que le directeur général de l'OMS se rend à Kinshasa. Le geste est crucial, mais il intervient dans une course de rattrapage : diagnostic tardif, besoins de protection, centres saturés et défiance communautaire ont déjà compliqué les premières semaines de riposte.",,,,,,,ap_2026_05_28_aid,media,high,confirmed,2,secondary,response,response_breakdown,active,
ev_20260528_238_deaths_reported,2026-05-28,,drc_total,situation_update,238 décès suspects : la mortalité dépasse les confirmations,"Le gouvernement congolais fait état de 238 décès suspects au 28 mai. Ce chiffre est plus sombre que les seuls décès confirmés, car il inclut des morts communautaires encore en cours de vérification. Pour la narration, il révèle l'écart entre la réalité ressentie localement et le rythme plus lent de la confirmation biologique.",,,,,238,,elpais_2026_05_28_238,media,medium,provisional,2,context,clinical,response_breakdown,active,A recouper avec source gouvernementale directe.
ev_20260529_cdc_update,2026-05-29,,drc_total,situation_update,"Le laboratoire rattrape son retard, les confirmés bondissent","Au 29 mai, Africa CDC fait état de 203 cas confirmés et 1 139 cas suspects en RDC. La hausse brutale des confirmés ne doit pas être lue comme une explosion sur une seule journée : elle traduit aussi le déstockage du retard de laboratoire et l'amélioration progressive de la capacité de diagnostic Bundibugyo.",,203,1139,17,246,2987,africacdc_2026_05_29,official,high,provisional,1,context,clinical,response_breakdown,active,Reclassement en cours des cas suspects en confirmes.
ev_20260529_cdc_reagents,2026-05-29,,bunia,response_measure,Des réactifs arrivent pour débloquer les tests,"Africa CDC livre des réactifs permettant 4 800 tests, dont 2 000 arrivés à Bunia. Dans cette épidémie, les réactifs sont presque aussi narratifs que les ambulances : sans eux, les suspects restent suspects, les décès ne sont pas reclassés et le suivi des contacts manque de cible précise.",,,,,,,africacdc_2026_05_29,official,high,confirmed,2,secondary,response,response_breakdown,active,
ev_20260530_cdc_update,2026-05-30,,drc_total,situation_update,"254 confirmés : la courbe monte, les décès sont reclassés","Au 30 mai, le bilan atteint 254 cas confirmés cumulés en RDC, dont 51 nouveaux confirmés, sans nouveau décès signalé dans la journée. Les décès confirmés montent toutefois à 42 par reclassement, rappelant que la courbe officielle mélange deux temporalités : la transmission et le rattrapage administratif des dossiers.",,254,1199,42,259,3200,africacdc_2026_05_30,official,high,provisional,1,context,clinical,response_breakdown,active,
ev_20260530_contacts_gap,2026-05-30,,drc_total,response_constraint,Le talon d'Achille : trois contacts sur dix suivis,"Sur 3 200 contacts listés, seuls 967, soit environ 30 %, sont effectivement suivis en Ituri et au Nord-Kivu. Ce déficit est critique : Ebola se contrôle autant par les centres de traitement que par la capacité à retrouver, surveiller et isoler rapidement les contacts avant l'apparition de symptômes graves.",,,,,,3200,africacdc_2026_05_30,official,high,provisional,2,secondary,constraint,response_breakdown,active,
ev_20260531_cdc_update,2026-05-31,,drc_total,situation_update,"282 confirmés, les suspects chutent : effet laboratoire","Au 31 mai, la RDC compte 282 cas confirmés. Dans le même temps, les suspects tombent de 1 199 à 321, non parce que le danger disparaît, mais parce que les analyses de laboratoire reclassent une partie de l'arriéré. Quatre nouvelles guérisons donnent un contrepoint fragile à une série encore ascendante.",,282,321,42,,3200,africacdc_2026_05_31,official,high,provisional,1,context,clinical,response_breakdown,active,Deces suspects non communiques ce jour (NA).
ev_20260531_motorcycles_ituri,2026-05-31,,bunia,response_measure,Des motos pour une riposte qui court derrière les cas,"La remise de 15 motos en Ituri vise à rapprocher les équipes de riposte des foyers, dans une province où les routes, la distance et l'insécurité ralentissent tout. Le symbole est fort : les motos avaient illustré des transports de malades à risque ; elles deviennent aussi un outil de surveillance, de liaison et d'intervention rapide.",,,,,,,africacdc_2026_05_31,official,high,confirmed,1,primary,response,response_breakdown,active,Echo a l'observation du 28 mai sur le transport a moto.
ev_20260601_ituri_new_zones,2026-06-01,,bunia,situation_update,L'Ituri se fragmente en nouveaux foyers,"Début juin, de nouvelles zones de santé de l'Ituri, dont Logo puis Mambasa, Rimba et Lita, rapportent leurs premiers cas confirmés. L'épidémie sort du seul triangle initial Bunia-Rwampara-Mongbwalu : elle se disperse en foyers multiples, ce qui complique la hiérarchisation des alertes et le suivi des contacts.",,,,,,,africacdc_2026_06_01,official,high,confirmed,2,secondary,clinical,regional_spread,active,Extension par zones de sante; coordonnees precises non disponibles.
ev_20260602_redcross_attack_bunia,2026-06-02,,bunia,attack,"À Bunia, les enterrements sécurisés deviennent cible","Le 1er juin, une équipe de la Croix-Rouge chargée des enterrements sécurisés est attaquée au cimetière de Bunia pendant les opérations de riposte. Ce type d'incident frappe un maillon vital : sans enterrements sûrs et acceptés, les décès peuvent continuer à produire de nouvelles expositions.",,,,,,,africacdc_2026_06_02,official,high,confirmed,1,primary,constraint,response_breakdown,active,
ev_20260604_mongbwalu_burial_attack,2026-06-04,,mongbwalu,attack,Mongbwalu : attaque funéraire et patients en fuite,"À Mongbwalu, une équipe d'enterrement sécurisé est attaquée et son véhicule endommagé. Dans le même contexte, 19 cas — deux confirmés et 17 suspects — se seraient échappés en Ituri. La combinaison est dangereuse : défiance autour des corps, rupture de l'isolement et risque de transmission communautaire non observée.",,,,,,,africacdc_2026_06_04,official,high,confirmed,1,primary,constraint,response_breakdown,active,
ev_20260605_bunia_beds_saturated,2026-06-05,,bunia,response_constraint,Bunia sature au moment où les cas explosent,"Au 5 juin, 105 nouveaux cas confirmés et 16 décès sont rapportés dans trois provinces. À Bunia, le centre de traitement Ebola atteint 100 % de capacité et le centre médical 90 %. La flambée n'est plus seulement une question de surveillance : elle devient une crise de lits, de triage et de continuité des soins.",,,,,,,africacdc_2026_06_05,official,high,confirmed,1,primary,constraint,response_breakdown,active,Saturation hospitaliere.
ev_20260607_inrb_umie_update,2026-06-07,,drc_total,situation_update,550 confirmés : le bilan national franchit un seuil critique,"Le snapshot INRB-UMIE du 9 juin ajoute un bilan national au 7 juin : 550 cas confirmés, 94 cas suspects, 101 décès confirmés et 242 décès suspects. La présence d'un astérisque dans la plateforme rappelle que la série reste provisoire, surtout pour les décès suspects et les données consolidées après coup.",,550,94,101,242,,inrb_umie_2026_06_09_snapshot,official,high,provisional,1,secondary,clinical,response_breakdown,active,Point de synchronisation chiffres/timeline; deces suspects 242 interpretes comme derniere mesure connue/reportee par la plateforme.
ev_20260608_inrb_umie_update,2026-06-08,,drc_total,situation_update,598 confirmés : la flambée reste ascendante,"Au 8 juin, la série INRB-UMIE porte le bilan à 598 cas confirmés, 138 cas suspects et 115 décès confirmés. Les décès suspects ne sont pas communiqués dans ce snapshot, ce qui rend la comparaison quotidienne délicate : la courbe confirme la hausse, mais pas encore l'ensemble de la mortalité réelle.",,598,138,115,,,inrb_umie_2026_06_13_snapshot,official,high,provisional,1,secondary,clinical,response_breakdown,active,Bilan national INRB-UMIE; deces suspects non communiques (ND).
ev_20260609_inrb_umie_update,2026-06-09,,drc_total,situation_update,635 confirmés : l'extension gagne de nouvelles zones,"Au 9 juin, la série atteint 635 cas confirmés, 119 cas suspects et 127 décès confirmés. La hausse s'accompagne d'une extension géographique, avec de nouvelles zones de santé touchées en Ituri. Le chiffre national masque donc deux dynamiques simultanées : plus de cas confirmés et plus de territoires à surveiller.",,635,119,127,,,inrb_umie_2026_06_13_snapshot,official,high,provisional,1,secondary,clinical,response_breakdown,active,Bilan national INRB-UMIE; deces suspects non communiques (ND).
ev_20260610_inrb_umie_update,2026-06-10,,drc_total,situation_update,676 confirmés : l'OMS signale des zones aveugles,"Au 10 juin, le bilan INRB-UMIE s'élève à 676 cas confirmés, 119 suspects et 136 décès confirmés. L'OMS avertit alors que des zones aveugles peuvent cacher une propagation plus large que les chiffres visibles, faute de lits suffisants, de tests partout disponibles et de suivi complet des contacts.",,676,119,136,,,inrb_umie_2026_06_13_snapshot,official,high,provisional,1,secondary,clinical,response_breakdown,active,Bilan national INRB-UMIE; deces suspects non communiques (ND).
ev_20260611_inrb_umie_update,2026-06-11,,drc_total,situation_update,689 confirmés : les décès suspects réapparaissent,"Le snapshot INRB-UMIE du 13 juin prolonge la série jusqu'au 11 juin : 689 cas confirmés, 168 suspects et 139 décès confirmés. Les décès suspects, longtemps non communiqués dans la série récente, réapparaissent à 64, signe que la consolidation du bilan reste mouvante et doit être commentée avec prudence.",,689,168,139,64,,inrb_umie_2026_06_13_snapshot,official,high,provisional,1,secondary,clinical,response_breakdown,active,"Point de synchronisation chiffres/timeline; deces suspects repris a 64 apres plusieurs jours sans communication, en forte baisse depuis 242 (revision ou changement de definition probable cote source)."
ev_20260613_inrb_umie_update,2026-06-13,,drc_total,situation_update,782 confirmés au 13 juin : la courbe ne fléchit pas,"Au 13 juin, la série nationale INRB-UMIE atteint 782 cas confirmés et 181 décès confirmés, le 12 juin n'ayant pas été publié par la source. En deux jours, les décès confirmés bondissent de 139 à 181 : le rattrapage de laboratoire transforme en certitudes des décès comptés jusque-là comme suspects. Les cas suspects refluent à 136, effet du même reclassement et non d'un ralentissement de la transmission.",,782,136,181,49,,inrb_umie_2026_06_16_snapshot,official,high,provisional,1,secondary,clinical,response_breakdown,active,Bilan national INRB-UMIE au 13 juin; 12 juin non publie (cadence SitRep); baisse des suspects liee au reclassement.
ev_20260613_nordkivu_extension,2026-06-13,,butembo,situation_update,"Le Nord-Kivu s'installe dans l'épidémie : Butembo, Katwa, Beni","Au 13 juin, la ventilation par zone de santé montre que l'épidémie déborde largement l'Ituri : le Nord-Kivu compte désormais des foyers consolidés à Katwa (21 cas confirmés), Butembo (18) et Beni (14). Ces pôles urbains, déjà durement éprouvés par l'épidémie d'Ebola de 2018-2020, rouvrent un front méridional à des centaines de kilomètres du cœur ituri, le long d'axes routiers très fréquentés.",,,,,,,inrb_umie_2026_06_16_snapshot,official,high,provisional,2,secondary,clinical,regional_spread,active,"Ventilation par zone de sante INRB-UMIE au 13 juin (Katwa 21, Butembo 18, Beni 14); ancre sur Butembo pour la carte; Beni non present dans places.csv."
ev_20260614_inrb_umie_update,2026-06-14,,drc_total,situation_update,"808 confirmés, 192 décès : une semaine de hausse continue","Au 14 juin, le bilan national grimpe à 808 cas confirmés et 192 décès confirmés, soit près de 120 cas et 50 décès de plus qu'au 11 juin. Les cas suspects remontent à 165 et les décès suspects à 54 : l'écart entre la confirmation et la réalité de terrain ne se referme pas, l'INRB-UMIE continuant de consolider une série toujours qualifiée de préliminaire.",,808,165,192,54,,inrb_umie_2026_06_16_snapshot,official,high,provisional,1,secondary,clinical,response_breakdown,active,Bilan national INRB-UMIE au 14 juin.
ev_20260615_inrb_umie_update,2026-06-15,,drc_total,situation_update,"837 confirmés, 196 décès : la hausse reste soutenue","Au 15 juin, la série INRB-UMIE porte le bilan national à 837 cas confirmés, 235 cas suspects et 196 décès confirmés. Les décès suspects ne sont pas communiqués dans ce relevé. Par rapport au 14 juin (808 cas confirmés, 192 décès), la journée enregistre 29 nouveaux cas confirmés et 4 décès supplémentaires. La flambée touche désormais au moins 34 zones de santé, de l'épicentre iturien jusqu'aux foyers du Nord-Kivu.",,837,235,196,,,inrb_umie_2026_06_17_snapshot,official,high,provisional,1,secondary,clinical,response_breakdown,active,Bilan national INRB-UMIE au 15 juin; deces suspects non communiques (ND).
ev_20260615_nyankunde_45_confirms,2026-06-15,,nyankunde,situation_update,Nyankunde : 45 cas confirmés dans la zone hospitalière d'Ituri,"Au 15 juin, la zone de santé de Nyankunde cumule 45 cas confirmés selon la ventilation INRB-UMIE. Ce chiffre place Nyankunde parmi les foyers intermédiaires de l'Ituri, derrière les épicentres de Bunia (215 cas), Rwampara (192) et Mongbwalu (185), mais devant des zones d'extension plus récente. Le centre hospitalier de la zone, exposé dès la fin mai à un risque nosocomial documenté, continue d'absorber des cas communautaires dans cette partie de l'Ituri à forte mobilité.",,45,,,,,inrb_umie_2026_06_17_snapshot,official,high,provisional,2,secondary,clinical,regional_spread,active,Ventilation par zone de sante INRB-UMIE au 15 juin; 45 cas confirmes cumulatifs a Nyankunde (insp_sitrep__cumulative_confirmed_cases__daily.csv).
ev_20260616_inrb_umie_update,2026-06-16,,drc_total,situation_update,875 confirmés au 16 juin : forte correction des cas suspects,"Au 16 juin, le bilan national atteint 875 cas confirmés et 202 décès confirmés. Les cas suspects reculent à 192, en forte baisse par rapport aux 235 enregistrés la veille : ce recul reflète un reclassement côté source — suspects basculés en confirmés ou hors critères — et non un ralentissement de la transmission. Les décès suspects ne sont pas communiqués pour cette date.",,875,192,202,,,inrb_umie_2026_06_21_snapshot,official,high,provisional,1,secondary,clinical,response_breakdown,active,Bilan national INRB-UMIE/INSP; snapshot ca17916 du 2026-06-21; baisse des suspects liee a revision/reclassement cote source; deces suspects non communiques (ND).
ev_20260616_goma_sentinel,2026-06-16,,goma,situation_update,Goma : un premier cas confirmé dans la métropole du Nord-Kivu,"La ventilation par zone de santé au 16 juin révèle un cas confirmé à Goma, métropole de plus de deux millions d'habitants sur les rives du lac Kivu, à la frontière avec le Rwanda. La présence du virus dans une ville aussi dense et aussi connectée — axes routiers, aéroport international, frontière active — constitue un signal d'alerte pour la riposte, qui doit surveiller les contacts dans un tissu urbain très mobile.",,1,,,,,inrb_umie_2026_06_21_snapshot,official,high,provisional,2,secondary,clinical,regional_spread,active,Ventilation par zone de sante INRB-UMIE au 16 juin; Goma 1 cas confirme cumule; deja present dans la serie au 15 juin mais non couvert en event; ancre Goma pour la carte.
ev_20260617_inrb_umie_update,2026-06-17,,drc_total,situation_update,"896 confirmés, 232 décès : la mortalité confirmée fait un bond","Au 17 juin, le bilan national atteint 896 cas confirmés et 232 décès confirmés, soit trente décès de plus qu'au 16 juin. Cette progression rapide des décès confirmés reflète en partie un rattrapage de laboratoire : des décès comptés comme suspects sont reclassés en confirmés à mesure que les résultats parviennent. Les cas suspects reculent encore à 151, dans la même dynamique de reclassement côté source. Les décès suspects, non communiqués la veille, réapparaissent à 35.",,896,151,232,35,,inrb_umie_2026_06_21_snapshot,official,high,provisional,1,secondary,clinical,response_breakdown,active,Bilan national INRB-UMIE/INSP; snapshot ca17916; baisse des suspects liee a revision/reclassement cote source; 17 cas confirmes sans zone attribuee (NA) dans la ventilation.
ev_20260617_nyankunde_surge,2026-06-17,,nyankunde,situation_update,"Nyankunde : 68 cas confirmés, une accélération en zone hospitalière","La zone de santé de Nyankunde enregistre 68 cas confirmés cumulés au 17 juin, contre 45 la veille — une hausse de 23 cas en une seule journée. Cette accélération dans une zone hospitalière de référence de l'Ituri rappelle la vulnérabilité des structures de soins face à une épidémie dont le diagnostic a tardé. Nyankunde, exposée dès les premières semaines de la flambée, voit son bilan pratiquement doubler depuis le 15 juin.",,68,,,,,inrb_umie_2026_06_21_snapshot,official,high,provisional,2,secondary,clinical,response_breakdown,active,Ventilation par zone de sante INRB-UMIE au 17 juin; Nyankunde 68 cas confirmes cumulatifs (+23 vs 16 juin).
ev_20260618_inrb_umie_update,2026-06-18,,drc_total,situation_update,"933 confirmés, 245 décès : les suspects rebondissent après deux jours de correction","Au 18 juin, le bilan national atteint 933 cas confirmés et 245 décès confirmés. Après deux jours de forte baisse liée à des reclassements, les cas suspects remontent à 238 et les décès suspects à 54 : la série reprend son rythme habituel de déclaration. Avec 37 nouveaux cas confirmés dans la journée, la flambée reste ascendante, de l'épicentre iturien — Bunia, Rwampara, Mongbwalu — jusqu'aux foyers du Nord-Kivu.",,933,238,245,54,,inrb_umie_2026_06_21_snapshot,official,high,provisional,1,secondary,clinical,response_breakdown,active,Bilan national INRB-UMIE/INSP; snapshot ca17916; rebond des suspects apres deux jours de forte baisse; 17 cas confirmes sans zone attribuee (NA) dans la ventilation.
ev_20260618_aru_border,2026-06-18,,aru,situation_update,Aru : un foyer frontalier stabilisé à la porte de l'Ouganda,"La zone de santé d'Aru, ville frontalière du nord de l'Ituri, compte trois cas confirmés au 18 juin. Bien que limité, ce foyer mérite une vigilance particulière : Aru est un point de passage commercial actif à moins de cent kilomètres de la frontière ougandaise. Dans un contexte où la RDC et l'Ouganda suivent chacun leurs propres chaînes de transmission, cette implantation dans le nord de l'Ituri maintient une pression sur la surveillance transfrontalière.",,3,,,,,inrb_umie_2026_06_21_snapshot,official,high,provisional,2,secondary,clinical,regional_spread,active,Ventilation par zone de sante INRB-UMIE au 18 juin; Aru 3 cas confirmes cumulatifs; stable depuis le 15 juin; zone frontaliere Ouganda.
ev_20260619_inrb_umie_update,2026-06-19,,drc_total,situation_update,956 cas confirmés : la flambée reste vigoureuse en Ituri,"Au 19 juin, la RDC enregistre 956 cas confirmés et 247 décès confirmés depuis le début de la flambée. L'Ituri concentre l'essentiel des foyers — Bunia en tête avec plus de 250 cas, suivi de Mongbwalu et Rwampara. Le Nord-Kivu affiche ses premières dizaines de cas dans les zones de santé de Katwa et Butembo. Le seuil des mille cas est en vue.",,956,162,247,47,,inrb_umie_2026_08_16_snapshot,official,high,provisional,1,secondary,clinical,response_breakdown,active,Bilan national INRB-UMIE/INSP; snapshot df7d1c5 du 2026-08-16; donnees preliminaires; baisse de cas suspects et deces suspects liee a revision/reclassement ou changement de definition cote source.
ev_20260620_inrb_umie_update,2026-06-20,,drc_total,situation_update,Le cap des 1 000 cas confirmés est franchi,"Le 20 juin, la RDC dépasse pour la première fois le millier de cas confirmés d'Ebola Bundibugyo, avec 1 003 cas et 254 décès confirmés. Ce seuil symbolique illustre l'ampleur prise par la flambée depuis son identification à la mi-mai : en cinq semaines, l'épidémie s'est propagée depuis l'Ituri jusqu'aux zones urbaines du Nord-Kivu.",,1003,201,254,30,,inrb_umie_2026_08_16_snapshot,official,high,provisional,1,secondary,clinical,response_breakdown,active,Bilan national INRB-UMIE/INSP; snapshot df7d1c5 du 2026-08-16; donnees preliminaires; baisse de deces suspects liee a revision/reclassement ou changement de definition cote source.
ev_20260621_inrb_umie_update,2026-06-21,,drc_total,situation_update,1 048 cas confirmés : la progression reste régulière,"Au 21 juin, le bilan national atteint 1 048 cas confirmés et 267 décès confirmés. La dynamique reste ascendante dans les trois principaux foyers ituriers — Bunia, Rwampara, Mongbwalu —, pendant que les zones de santé du Nord-Kivu consolident leur implantation. Les décès suspects remontent à 60 après la correction de la veille.",,1048,202,267,60,,inrb_umie_2026_08_16_snapshot,official,high,provisional,1,secondary,clinical,response_breakdown,active,Bilan national INRB-UMIE/INSP; snapshot df7d1c5 du 2026-08-16; donnees preliminaires.
ev_20260622_inrb_umie_update,2026-06-22,,drc_total,situation_update,1 094 cas confirmés : les suspects chutent sous l'effet du reclassement,"Le 22 juin, le bilan atteint 1 094 cas confirmés et 277 décès confirmés. Les cas suspects descendent à 131 — contre 202 la veille — en raison d'un reclassement côté source, et non d'un ralentissement de la transmission. La progression des confirmés de près de cinquante cas en vingt-quatre heures maintient la pression sur les équipes de riposte en Ituri et au Nord-Kivu.",,1094,131,277,44,,inrb_umie_2026_08_16_snapshot,official,high,provisional,1,secondary,clinical,response_breakdown,active,Bilan national INRB-UMIE/INSP; snapshot df7d1c5 du 2026-08-16; donnees preliminaires; baisse de cas suspects et deces suspects liee a revision/reclassement ou changement de definition cote source.
ev_20260622_katwa_nk_acceleration,2026-06-22,,katwa,situation_update,Le Nord-Kivu consolide son ancrage épidémique : Katwa et Butembo en progression,"La ventilation par zone de santé au 22 juin révèle que Katwa et Butembo, dans le Nord-Kivu, cumulent respectivement 32 et 28 cas confirmés. Ces deux zones péri-urbaines, traversées par des axes routiers majeurs, s'installent comme les têtes de pont d'une extension méridionale de la flambée, à plusieurs centaines de kilomètres des foyers ituriers d'origine.",,32,,,,,inrb_umie_2026_08_16_snapshot,official,high,provisional,2,secondary,clinical,regional_spread,active,Ventilation par zone de sante au 22 juin; Katwa 32 cas confirmes cumulatifs; Butembo 28; ancre Katwa pour la carte.
ev_20260623_inrb_umie_update,2026-06-23,,drc_total,situation_update,291 décès confirmés : la mortalité approche un nouveau seuil,"Au 23 juin, la RDC dénombre 1 118 cas confirmés et 291 décès confirmés. Approchant le cap des trois cents morts, le bilan reflète la sévérité de la souche Bundibugyo et les délais de prise en charge dans certaines zones reculées de l'Ituri. La flambée touche des zones de santé dispersées sur plusieurs centaines de kilomètres.",,1118,138,291,45,,inrb_umie_2026_08_16_snapshot,official,high,provisional,1,secondary,clinical,response_breakdown,active,Bilan national INRB-UMIE/INSP; snapshot df7d1c5 du 2026-08-16; donnees preliminaires.
ev_20260624_inrb_umie_update,2026-06-24,,drc_total,situation_update,Le bilan dépasse 300 décès confirmés,"Le 24 juin, le bilan national franchit le seuil des 300 décès confirmés avec 304 morts, pour 1 155 cas confirmés. Cette progression rapide de la mortalité — une centaine de décès supplémentaires en moins d'une semaine — souligne l'urgence du renforcement des capacités de soins dans les centres de traitement Ebola d'Ituri et de Nord-Kivu.",,1155,154,304,40,,inrb_umie_2026_08_16_snapshot,official,high,provisional,1,secondary,clinical,response_breakdown,active,Bilan national INRB-UMIE/INSP; snapshot df7d1c5 du 2026-08-16; donnees preliminaires; baisse de deces suspects liee a revision/reclassement ou changement de definition cote source.
ev_20260625_inrb_umie_update,2026-06-25,,drc_total,situation_update,1 203 cas confirmés : Ituri et Nord-Kivu en progression simultanée,"Au 25 juin, le bilan atteint 1 203 cas confirmés et 321 décès confirmés. La dynamique est désormais double : les trois épicentres ituriers (Bunia, Rwampara, Mongbwalu) dépassent chacun 250 cas cumulés, tandis que Katwa et Butembo, au Nord-Kivu, franchissent la barre des 30 à 35 cas confirmés, installant un front méridional.",,1203,265,321,77,,inrb_umie_2026_08_16_snapshot,official,high,provisional,1,secondary,clinical,response_breakdown,active,Bilan national INRB-UMIE/INSP; snapshot df7d1c5 du 2026-08-16; donnees preliminaires.
ev_20260627_inrb_umie_update,2026-06-27,,drc_total,situation_update,1 274 cas confirmés au 27 juin : la semaine est meurtrière,"Au 27 juin — le 26 n'ayant pas été publié —, le bilan national grimpe à 1 274 cas confirmés et 360 décès confirmés. En dix jours, les décès ont augmenté de plus d'une centaine. La progression reste concentrée en Ituri, mais les zones de santé de Nizi et Lita, plus reculées, commencent à apparaître dans les rapports de terrain.",,1274,239,360,70,,inrb_umie_2026_08_16_snapshot,official,high,provisional,1,secondary,clinical,response_breakdown,active,Bilan national INRB-UMIE/INSP; snapshot df7d1c5 du 2026-08-16; donnees preliminaires; jour(s) entre le 2026-06-25 et le 2026-06-27 non publie(s) par la source (cadence SitRep); baisse de cas suspects et deces suspects liee a revision/reclassement ou changement de definition cote source.
ev_20260629_inrb_umie_update,2026-06-29,,drc_total,situation_update,399 décès confirmés : la barre des 400 morts se rapproche,"Au 29 juin — le 28 non publié —, le bilan s'établit à 1 333 cas confirmés et 399 décès confirmés, frôlant la barre des quatre cents morts. Les cas suspects rebondissent à 309, signe que la surveillance de terrain reste active. La flambée touche désormais plusieurs dizaines de zones de santé entre Ituri et Nord-Kivu.",,1333,309,399,90,,inrb_umie_2026_08_16_snapshot,official,high,provisional,1,secondary,clinical,response_breakdown,active,Bilan national INRB-UMIE/INSP; snapshot df7d1c5 du 2026-08-16; donnees preliminaires; jour(s) entre le 2026-06-27 et le 2026-06-29 non publie(s) par la source (cadence SitRep).
ev_20260630_inrb_umie_update,2026-06-30,,drc_total,situation_update,1 406 cas et 438 décès confirmés : fin juin marque un palier critique,"Au 30 juin, le bilan national clôt le mois avec 1 406 cas confirmés et 438 décès confirmés. En moins de deux semaines, les confirmés ont progressé de près de cinq cents cas. Nyankunde, zone hospitalière de l'Ituri, compte désormais une centaine de cas, et Nizi dépasse soixante foyers confirmés, illustrant l'élargissement de l'épidémie vers des zones plus reculées.",,1406,301,438,90,,inrb_umie_2026_08_16_snapshot,official,high,provisional,1,secondary,clinical,response_breakdown,active,Bilan national INRB-UMIE/INSP; snapshot df7d1c5 du 2026-08-16; donnees preliminaires; baisse de cas suspects liee a revision/reclassement ou changement de definition cote source.
ev_20260630_nyankunde_hosp_pivot,2026-06-30,,nyankunde,situation_update,Nyankunde : 95 cas dans la zone hospitalière de référence de l'Ituri,"La zone de santé de Nyankunde atteint 95 cas confirmés cumulés au 30 juin. Cette zone abrite un centre hospitalier de référence pour l'Ituri, exposé dès les premières semaines à un risque nosocomial documenté. Son bilan croissant reflète la pression que l'épidémie exerce sur les capacités de soins dans le cœur même de la province la plus touchée.",,95,,,,,inrb_umie_2026_08_16_snapshot,official,high,provisional,2,secondary,clinical,response_breakdown,active,Ventilation par zone de sante au 30 juin; Nyankunde 95 cas confirmes cumulatifs; zone hospitaliere de reference de l'Ituri.
ev_20260701_inrb_umie_update,2026-07-01,,drc_total,situation_update,1 460 cas confirmés en ce début juillet : la riposte entre dans une phase critique,"Le 1er juillet, le bilan atteint 1 460 cas confirmés et 452 décès confirmés. Les cas suspects s'effondrent à 150, reflet d'un nouveau reclassement côté source. Rwampara dépasse 300 cas cumulés dans la zone de santé, signalant l'ampleur de l'implantation en dehors même de Bunia. La riposte doit gérer simultanément une dizaine de foyers actifs en Ituri.",,1460,150,452,41,,inrb_umie_2026_08_16_snapshot,official,high,provisional,1,secondary,clinical,response_breakdown,active,Bilan national INRB-UMIE/INSP; snapshot df7d1c5 du 2026-08-16; donnees preliminaires; baisse de cas suspects et deces suspects liee a revision/reclassement ou changement de definition cote source.
ev_20260702_inrb_umie_update,2026-07-02,,drc_total,situation_update,1 502 cas confirmés : le seuil de 1 500 est dépassé,"Au 2 juillet, la RDC franchit 1 500 cas confirmés avec 1 502 comptabilisés et 473 décès. Les cas suspects remontent à 213, revenant à un niveau plus représentatif après les corrections des jours précédents. La zone de santé de Nizi, en Ituri, monte rapidement et se place parmi les foyers secondaires les plus dynamiques.",,1502,213,473,63,,inrb_umie_2026_08_16_snapshot,official,high,provisional,1,secondary,clinical,response_breakdown,active,Bilan national INRB-UMIE/INSP; snapshot df7d1c5 du 2026-08-16; donnees preliminaires.
ev_20260703_inrb_umie_update,2026-07-03,,drc_total,situation_update,492 décès confirmés : la barre des 500 morts en ligne de mire,"Le 3 juillet, le bilan s'établit à 1 528 cas confirmés et 492 décès confirmés, à quelques unités du cap des cinq cents morts. Les cas suspects retombent à 185 après un nouveau reclassement. La flambée maintient une cadence de vingt-cinq à trente nouveaux cas confirmés par jour entre l'Ituri et le Nord-Kivu.",,1528,185,492,67,,inrb_umie_2026_08_16_snapshot,official,high,provisional,1,secondary,clinical,response_breakdown,active,Bilan national INRB-UMIE/INSP; snapshot df7d1c5 du 2026-08-16; donnees preliminaires; baisse de cas suspects liee a revision/reclassement ou changement de definition cote source.
ev_20260704_inrb_umie_update,2026-07-04,,drc_total,situation_update,1 561 cas confirmés et 506 décès : la barre des 500 morts est franchie,"Le 4 juillet, la RDC franchit le seuil des cinq cents décès confirmés avec 506 morts, pour 1 561 cas confirmés. Les cas suspects bondissent à 354 et les décès suspects à 110, après plusieurs jours de correction à la baisse : ce rebond signale un retour à un rythme de déclaration plus complet. La flambée s'installe durablement dans une dizaine de zones de santé en Ituri.",,1561,354,506,110,,inrb_umie_2026_08_16_snapshot,official,high,provisional,1,secondary,clinical,response_breakdown,active,Bilan national INRB-UMIE/INSP; snapshot df7d1c5 du 2026-08-16; donnees preliminaires.
ev_20260705_inrb_umie_update,2026-07-05,,drc_total,situation_update,1 624 cas confirmés : la flambée accélère alors que les suspects s'effondrent,"Au 5 juillet, le bilan atteint 1 624 cas confirmés et 521 décès confirmés. Les cas suspects chutent à 135 et les décès suspects à 23 — l'un des niveaux les plus bas depuis le début du suivi —, traduisant un reclassement massif côté source, non une remission de l'épidémie. En réalité, la transmission reste soutenue dans tout le bassin Bunia-Rwampara-Mongbwalu et s'étend vers Nizi.",,1624,135,521,23,,inrb_umie_2026_08_16_snapshot,official,high,provisional,1,secondary,clinical,response_breakdown,active,Bilan national INRB-UMIE/INSP; snapshot df7d1c5 du 2026-08-16; donnees preliminaires; baisse de cas suspects et deces suspects liee a revision/reclassement ou changement de definition cote source.
ev_20260706_inrb_umie_update,2026-07-06,,drc_total,situation_update,1 708 cas confirmés : la flambée franchit un nouveau palier,"Le 6 juillet, le bilan national s'établit à 1 708 cas confirmés et 580 décès confirmés, avec 84 nouveaux cas en une journée. La zone de santé de Nizi, à l'est de l'Ituri, comptabilise désormais 84 cas confirmés cumulés, tandis que Nia-Nia apparaît dans les données de terrain. L'épidémie progresse sur un arc qui s'étend de l'Ituri profond jusqu'aux zones péri-urbaines du Nord-Kivu.",,1708,237,580,70,,inrb_umie_2026_08_16_snapshot,official,high,provisional,1,secondary,clinical,response_breakdown,active,Bilan national INRB-UMIE/INSP; snapshot df7d1c5 du 2026-08-16; donnees preliminaires.
ev_20260707_inrb_umie_update,2026-07-07,,drc_total,situation_update,600 décès confirmés : un mois et demi de flambée meurtrière,"Au 7 juillet, la RDC franchit le seuil des 600 décès confirmés avec 1 759 cas enregistrés. Les cas suspects remontent à 304 après plusieurs jours de correction, et les décès suspects atteignent 92. L'Ituri — Bunia, Rwampara, Mongbwalu, Nizi — concentre toujours la majorité des foyers, mais Katwa et Butembo, au Nord-Kivu, confirment leur ancrage dans le paysage épidémique.",,1759,304,600,92,,inrb_umie_2026_08_16_snapshot,official,high,provisional,1,secondary,clinical,response_breakdown,active,Bilan national INRB-UMIE/INSP; snapshot df7d1c5 du 2026-08-16; donnees preliminaires.
ev_20260707_fataki_nizi_front,2026-07-07,,fataki,situation_update,Fataki et Nia-Nia : l'épidémie s'enfonce dans l'est de l'Ituri,"Début juillet, la zone de santé de Nizi, à l'est de l'Ituri, dépasse 94 cas confirmés cumulés, et Nia-Nia fait son apparition dans les données de terrain. Ces zones reculées de l'arrière-pays iturien — proches de Fataki — élargissent le périmètre épidémique au-delà du triangle initial Bunia-Rwampara-Mongbwalu, compliquant la logistique de la riposte dans des zones souvent peu accessibles.",,,,,,,inrb_umie_2026_08_16_snapshot,official,high,provisional,2,secondary,clinical,regional_spread,active,Ventilation par zone de sante au 07 juillet; Nizi 94 cas confirmes; Nia-Nia en emergence; ancre Fataki pour la geographie est-Ituri.
ev_20260708_inrb_umie_update,2026-07-08,,drc_total,situation_update,1 792 cas confirmés : la flambée dépasse sept semaines de progression,"Le 8 juillet, le bilan atteint 1 792 cas confirmés et 625 décès confirmés. Les cas suspects retombent à 227 sous l'effet d'un reclassement, et les décès suspects à 60. Au fil des semaines, la géographie de l'épidémie s'est profondément transformée : ce qui était un foyer localisé en Ituri est devenu une flambée multi-provinciale couvrant au moins deux provinces et plusieurs dizaines de zones de santé.",,1792,227,625,60,,inrb_umie_2026_08_16_snapshot,official,high,provisional,1,secondary,clinical,response_breakdown,active,Bilan national INRB-UMIE/INSP; snapshot df7d1c5 du 2026-08-16; donnees preliminaires; baisse de cas suspects et deces suspects liee a revision/reclassement ou changement de definition cote source.
ev_20260709_inrb_umie_update,2026-07-09,,drc_total,situation_update,1 830 cas confirmés : progression soutenue entre Ituri et Nord-Kivu,"Au 9 juillet, le bilan s'établit à 1 830 cas confirmés et 648 décès confirmés. Trente-huit nouveaux cas confirmés s'ajoutent en une journée, dans un contexte où la surveillance reste tendue dans des zones de santé comme Nizi, Lita ou Mangala, nouvellement touchées en profondeur de l'Ituri. Les cas suspects remontent à 284, signal d'une transmission qui ne faiblit pas.",,1830,284,648,81,,inrb_umie_2026_08_16_snapshot,official,high,provisional,1,secondary,clinical,response_breakdown,active,Bilan national INRB-UMIE/INSP; snapshot df7d1c5 du 2026-08-16; donnees preliminaires.
ev_20260710_inrb_umie_update,2026-07-10,,drc_total,situation_update,1 873 cas confirmés : la flambée s'inscrit dans la durée,"Le 10 juillet, le bilan atteint 1 873 cas confirmés et 672 décès confirmés. La hausse de quarante-trois cas en vingt-quatre heures confirme une transmission encore active. Les cas suspects et les décès suspects se maintiennent à des niveaux élevés — respectivement 299 et 91 —, rappelant que le bilan officiel sous-estime la charge réelle de la maladie dans les zones peu accessibles de l'Ituri.",,1873,299,672,91,,inrb_umie_2026_08_16_snapshot,official,high,provisional,1,secondary,clinical,response_breakdown,active,Bilan national INRB-UMIE/INSP; snapshot df7d1c5 du 2026-08-16; donnees preliminaires.
ev_20260711_inrb_umie_update,2026-07-11,,drc_total,situation_update,1 926 cas confirmés : la barre des 2 000 en approche,"Au 11 juillet, le bilan national s'établit à 1 926 cas confirmés et 702 décès confirmés. La flambée reste ascendante à moins de cent cas du seuil des deux mille. Les décès confirmés ont doublé en trois semaines, reflétant l'extension de la transmission à des zones de santé plus éloignées des centres de diagnostic de l'Ituri et du Nord-Kivu.",,1926,299,702,91,,inrb_umie_2026_08_16_snapshot,official,high,provisional,1,secondary,clinical,response_breakdown,active,Bilan national INRB-UMIE/INSP; snapshot df7d1c5 du 2026-08-16; donnees preliminaires.
ev_20260713_inrb_umie_update,2026-07-13,,drc_total,situation_update,2 011 cas confirmés : le cap des 2 000 est franchi,"Le 13 juillet — le 12 n'ayant pas été publié —, la RDC franchit le seuil des deux mille cas confirmés avec 2 011 comptabilisés et 754 décès. Cette barre symbolique, atteinte moins de deux mois après le début de la flambée, traduit une progression soutenue à travers toute la géographie épidémique : Ituri d'un côté, Nord-Kivu de l'autre, avec Katwa à 76 cas et Butembo à 46.",,2011,268,754,,,inrb_umie_2026_08_16_snapshot,official,high,provisional,1,secondary,clinical,response_breakdown,active,Bilan national INRB-UMIE/INSP; snapshot df7d1c5 du 2026-08-16; donnees preliminaires; jour(s) entre le 2026-07-11 et le 2026-07-13 non publie(s) par la source (cadence SitRep); baisse de cas suspects liee a revision/reclassement ou changement de definition cote source; deces suspects non communique(s) (ND).
ev_20260713_katwa_nk_76,2026-07-13,,katwa,situation_update,Katwa atteint 76 cas : le Nord-Kivu intensifie son second front,"Au 13 juillet, la zone de santé de Katwa, dans le Nord-Kivu, cumule 76 cas confirmés — soit une progression de plus de quarante cas en trois semaines. Katwa et sa voisine Butembo (46 cas) forment un front méridional qui monte en puissance pendant que les foyers ituriers restent les plus lourds. Cette dynamique à deux vitesses complique la priorisation des ressources de riposte.",,76,,,,,inrb_umie_2026_08_16_snapshot,official,high,provisional,2,secondary,clinical,regional_spread,active,Ventilation par zone de sante au 13 juillet; Katwa 76 cas confirmes cumulatifs; Butembo 46.
ev_20260715_inrb_umie_update,2026-07-15,,drc_total,situation_update,2 124 cas confirmés : l'épidémie accélère sur un front élargi,"Au 15 juillet — le 14 non publié —, le bilan atteint 2 124 cas confirmés et 828 décès confirmés. En deux jours, cent treize nouveaux cas confirmés s'ajoutent au tableau. La zone de santé de Nizi, dans le grand Ituri, franchit les 148 cas cumulés, se hissant parmi les principaux foyers de la flambée derrière le trio Bunia-Rwampara-Mongbwalu.",,2124,389,828,,,inrb_umie_2026_08_16_snapshot,official,high,provisional,1,secondary,clinical,response_breakdown,active,Bilan national INRB-UMIE/INSP; snapshot df7d1c5 du 2026-08-16; donnees preliminaires; jour(s) entre le 2026-07-13 et le 2026-07-15 non publie(s) par la source (cadence SitRep); deces suspects non communique(s) (ND).
ev_20260717_inrb_umie_update,2026-07-17,,drc_total,situation_update,2 267 cas confirmés : la flambée gagne en amplitude,"Le 17 juillet — le 16 non publié —, le bilan national grimpe à 2 267 cas confirmés et 893 décès confirmés. Les cas suspects s'effondrent à 236 en raison d'un reclassement côté source. La barre des neuf cents morts est franchie : à ce rythme, le millier de décès confirmés pourrait être atteint dans les jours suivants. La dispersion géographique s'accroît, avec Nizi, Lita et Mangala en progression en Ituri.",,2267,236,893,,,inrb_umie_2026_08_16_snapshot,official,high,provisional,1,secondary,clinical,response_breakdown,active,Bilan national INRB-UMIE/INSP; snapshot df7d1c5 du 2026-08-16; donnees preliminaires; jour(s) entre le 2026-07-15 et le 2026-07-17 non publie(s) par la source (cadence SitRep); baisse de cas suspects liee a revision/reclassement ou changement de definition cote source; deces suspects non communique(s) (ND).
ev_20260718_inrb_umie_update,2026-07-18,,drc_total,situation_update,2 344 cas confirmés : la courbe ne marque aucun infléchissement,"Au 18 juillet, le bilan s'établit à 2 344 cas confirmés et 930 décès confirmés. La flambée progresse sans signe d'infléchissement, avec soixante-dix-sept nouveaux cas en vingt-quatre heures. Les cas suspects retombent à 192, nouvelle correction baissière. Rwampara dépasse 418 cas cumulés, s'imposant comme le deuxième foyer le plus lourd de l'épidémie après Bunia.",,2344,192,930,,,inrb_umie_2026_08_16_snapshot,official,high,provisional,1,secondary,clinical,response_breakdown,active,Bilan national INRB-UMIE/INSP; snapshot df7d1c5 du 2026-08-16; donnees preliminaires; baisse de cas suspects liee a revision/reclassement ou changement de definition cote source; deces suspects non communique(s) (ND).
ev_20260719_inrb_umie_update,2026-07-19,,drc_total,situation_update,967 décès confirmés : la flambée frôle le millier de morts,"Le 19 juillet, le bilan atteint 2 423 cas confirmés et 967 décès confirmés, à trente-trois morts du cap des mille. La dynamique reste ascendante dans toute la zone épidémique : Bunia approche 650 cas cumulés, Rwampara 460 et Mongbwalu 365. La transmission s'étend également vers Nia-Nia, à la lisière est de l'Ituri, une zone auparavant non touchée.",,2423,252,967,,,inrb_umie_2026_08_16_snapshot,official,high,provisional,1,secondary,clinical,response_breakdown,active,Bilan national INRB-UMIE/INSP; snapshot df7d1c5 du 2026-08-16; donnees preliminaires; deces suspects non communique(s) (ND).
ev_20260720_inrb_umie_update,2026-07-20,,drc_total,situation_update,999 décès confirmés : un seul mort sépare la flambée du millier,"Au 20 juillet, la RDC enregistre 2 473 cas confirmés et 999 décès confirmés — une unité de la barre symbolique des mille morts. L'épidémie s'est profondément ancrée dans le paysage de l'est du pays, avec des foyers actifs de l'épicentre iturien aux zones du Nord-Kivu. Les cas suspects remontent à 322, témoignant d'une surveillance de terrain encore mobilisée.",,2473,322,999,,,inrb_umie_2026_08_16_snapshot,official,high,provisional,1,secondary,clinical,response_breakdown,active,Bilan national INRB-UMIE/INSP; snapshot df7d1c5 du 2026-08-16; donnees preliminaires; deces suspects non communique(s) (ND).
ev_20260722_inrb_umie_update,2026-07-22,,drc_total,situation_update,Un bond de 432 confirmés en deux jours : la flambée franchit 2 900 cas,"Le 22 juillet — le 21 non publié —, le bilan national bondit à 2 905 cas confirmés et 1 269 décès confirmés. Ce saut de 432 cas et 270 décès en deux jours constitue l'une des progressions les plus marquées depuis le début de la flambée. Il coïncide avec le franchissement du seuil des mille morts confirmés, marquant un tournant dans l'ampleur épidémique. La zone de santé de Rwampara dépasse 480 cas cumulés.",,2905,318,1269,,,inrb_umie_2026_08_16_snapshot,official,high,provisional,1,secondary,clinical,response_breakdown,active,Bilan national INRB-UMIE/INSP; snapshot df7d1c5 du 2026-08-16; donnees preliminaires; jour(s) entre le 2026-07-20 et le 2026-07-22 non publie(s) par la source (cadence SitRep); baisse de cas suspects liee a revision/reclassement ou changement de definition cote source; deces suspects non communique(s) (ND).
ev_20260722_rwampara_481_peak,2026-07-22,,rwampara,situation_update,Rwampara dépasse 480 cas : le deuxième foyer iturien dans la tourmente,"Lors du bond du 22 juillet, la zone de santé de Rwampara atteint 481 cas confirmés cumulés, se maintenant comme le deuxième foyer de la flambée après Bunia. Cette zone, exposée dès les premières semaines à des transports de malades à moto sans protection suffisante, illustre comment des déficits logistiques initiaux peuvent alimenter une implantation durable du virus sur un territoire.",,481,,,,,inrb_umie_2026_08_16_snapshot,official,high,provisional,2,secondary,clinical,regional_spread,active,Ventilation par zone de sante au 22 juillet; Rwampara 481 cas confirmes cumulatifs; Bunia 696; Mongbwalu 482.
ev_20260723_inrb_umie_update,2026-07-23,,drc_total,situation_update,2 973 cas confirmés : la flambée s'installe durablement au-dessus de 1 000 morts,"Au 23 juillet, le bilan atteint 2 973 cas confirmés et 1 309 décès confirmés. La progression demeure régulière, avec soixante-huit nouveaux cas et quarante décès confirmés supplémentaires en vingt-quatre heures. Les foyers ituriers et nord-kivutiens progressent en parallèle, confirmant le caractère multi-provincial d'une flambée qui résiste à la riposte.",,2973,315,1309,,,inrb_umie_2026_08_16_snapshot,official,high,provisional,1,secondary,clinical,response_breakdown,active,Bilan national INRB-UMIE/INSP; snapshot df7d1c5 du 2026-08-16; donnees preliminaires; baisse de cas suspects liee a revision/reclassement ou changement de definition cote source; deces suspects non communique(s) (ND).
ev_20260725_inrb_umie_update,2026-07-25,,drc_total,situation_update,3 200 cas confirmés : la flambée dépasse le cap des trois mille,"Le 25 juillet — le 24 non publié —, le bilan national franchit les trois mille cas confirmés avec 3 200 comptabilisés et 1 405 décès. Cette progression marque l'entrée dans une phase d'intensité accrue : en une semaine, les confirmés ont augmenté de plus de sept cents. La zone de santé de Nizi, en Ituri, dépasse les trois cents cas cumulés et s'impose comme le quatrième foyer de la flambée.",,3200,340,1405,,,inrb_umie_2026_08_16_snapshot,official,high,provisional,1,secondary,clinical,response_breakdown,active,Bilan national INRB-UMIE/INSP; snapshot df7d1c5 du 2026-08-16; donnees preliminaires; jour(s) entre le 2026-07-23 et le 2026-07-25 non publie(s) par la source (cadence SitRep); deces suspects non communique(s) (ND).
ev_20260726_inrb_umie_update,2026-07-26,,drc_total,situation_update,3 262 cas confirmés : la progression reste soutenue au-delà du cap des 3 000,"Au 26 juillet, le bilan atteint 3 262 cas confirmés et 1 437 décès confirmés. Soixante-deux nouveaux cas en vingt-quatre heures confirment que la flambée n'a pas marqué de pause après le cap des trois mille. Katwa et Butembo, dans le Nord-Kivu, franchissent respectivement les 145 et 75 cas cumulés, illustrant la persistance du front méridional.",,3262,326,1437,,,inrb_umie_2026_08_16_snapshot,official,high,provisional,1,secondary,clinical,response_breakdown,active,Bilan national INRB-UMIE/INSP; snapshot df7d1c5 du 2026-08-16; donnees preliminaires; baisse de cas suspects liee a revision/reclassement ou changement de definition cote source; deces suspects non communique(s) (ND).
ev_20260727_inrb_umie_update,2026-07-27,,drc_total,situation_update,3 360 cas confirmés : Mongbwalu connaît une accélération inédite,"Le 27 juillet, le bilan national grimpe à 3 360 cas confirmés et 1 487 décès confirmés. La zone minière de Mongbwalu, deuxième foyer iturien, compte désormais 528 cas confirmés cumulés, soit une progression de plus de cent soixante cas en une semaine. Cette accélération dans une zone à forte mobilité de population rappelle les risques de dispersion vers d'autres axes de l'Ituri.",,3360,321,1487,,,inrb_umie_2026_08_16_snapshot,official,high,provisional,1,secondary,clinical,response_breakdown,active,Bilan national INRB-UMIE/INSP; snapshot df7d1c5 du 2026-08-16; donnees preliminaires; baisse de cas suspects liee a revision/reclassement ou changement de definition cote source; deces suspects non communique(s) (ND).
ev_20260727_mongbwalu_528_surge,2026-07-27,,mongbwalu,situation_update,Mongbwalu : 528 cas confirmés dans la zone minière de l'Ituri,"Le 27 juillet, la zone de santé de Mongbwalu cumule 528 cas confirmés — une progression de plus de cent soixante cas en une semaine. Ce foyer minier, à forte mobilité de population, est apparu très tôt dans la chronique de la flambée et reste l'un des plus difficiles à contenir. L'accélération de fin juillet rappelle les risques de rebond dans les zones où la surveillance est intermittente.",,528,,,,,inrb_umie_2026_08_16_snapshot,official,high,provisional,2,secondary,clinical,regional_spread,active,Ventilation par zone de sante au 27 juillet; Mongbwalu 528 cas confirmes cumulatifs (+163 vs 20 juillet).
ev_20260730_inrb_umie_update,2026-07-30,,drc_total,situation_update,3 605 cas confirmés au 30 juillet : la flambée franchit un seuil de gravité,"Le 30 juillet — les 28 et 29 non publiés —, le bilan atteint 3 605 cas confirmés et 1 587 décès confirmés. En trois jours, deux cent quarante-cinq nouveaux cas et cent décès supplémentaires s'ajoutent. Katwa, au Nord-Kivu, dépasse les 166 cas cumulés : le front méridional se consolide à mesure que la flambée iturie reste active.",,3605,374,1587,,,inrb_umie_2026_08_16_snapshot,official,high,provisional,1,secondary,clinical,response_breakdown,active,Bilan national INRB-UMIE/INSP; snapshot df7d1c5 du 2026-08-16; donnees preliminaires; jour(s) entre le 2026-07-27 et le 2026-07-30 non publie(s) par la source (cadence SitRep); deces suspects non communique(s) (ND).
ev_20260731_inrb_umie_update,2026-07-31,,drc_total,situation_update,3 674 cas confirmés : la flambée s'étend à travers tout le territoire épidémique,"Au 31 juillet, le bilan s'établit à 3 674 cas confirmés et 1 621 décès confirmés. Soixante-neuf nouveaux cas en vingt-quatre heures maintiennent la flambée à un niveau élevé. La progression cumulative depuis le 18 juin — plus de deux mille sept cents nouveaux cas confirmés — illustre l'ampleur de la vague estivale qui a touché en profondeur l'Ituri et le Nord-Kivu.",,3674,321,1621,,,inrb_umie_2026_08_16_snapshot,official,high,provisional,1,secondary,clinical,response_breakdown,active,Bilan national INRB-UMIE/INSP; snapshot df7d1c5 du 2026-08-16; donnees preliminaires; baisse de cas suspects liee a revision/reclassement ou changement de definition cote source; deces suspects non communique(s) (ND).
ev_20260801_inrb_umie_update,2026-08-01,,drc_total,situation_update,3 748 cas confirmés : la flambée entre dans son quatrième mois,"Le 1er août, le bilan national atteint 3 748 cas confirmés et 1 657 décès confirmés, marquant l'entrée dans le quatrième mois d'une épidémie qui n'a pas encore montré de signe d'essoufflement. Les cas suspects s'effondrent à 227, traduisant un nouveau reclassement. Des dizaines de zones de santé restent actives en Ituri et au Nord-Kivu, rendant l'endiguement d'autant plus complexe.",,3748,227,1657,,,inrb_umie_2026_08_16_snapshot,official,high,provisional,1,secondary,clinical,response_breakdown,active,Bilan national INRB-UMIE/INSP; snapshot df7d1c5 du 2026-08-16; donnees preliminaires; baisse de cas suspects liee a revision/reclassement ou changement de definition cote source; deces suspects non communique(s) (ND).
ev_20260802_inrb_umie_update,2026-08-02,,drc_total,situation_update,3 802 cas confirmés : la flambée dépasse les 1 700 décès,"Au 2 août, le bilan national grimpe à 3 802 cas confirmés et 1 707 décès confirmés. Avec cinquante-quatre nouveaux cas en vingt-quatre heures, la progression reste soutenue. La barre des mille sept cents morts franchie en Ituri et au Nord-Kivu depuis avril constitue un indicateur de la durée et de l'intensité d'une flambée qui résiste aux efforts de riposte.",,3802,275,1707,,,inrb_umie_2026_08_16_snapshot,official,high,provisional,1,secondary,clinical,response_breakdown,active,Bilan national INRB-UMIE/INSP; snapshot df7d1c5 du 2026-08-16; donnees preliminaires; deces suspects non communique(s) (ND).
ev_20260803_inrb_umie_update,2026-08-03,,drc_total,situation_update,3 874 cas confirmés : la flambée approche les 1 800 décès,"Le 3 août, le bilan s'établit à 3 874 cas confirmés et 1 751 décès confirmés. L'épidémie maintient une cadence d'une soixantaine à une centaine de nouveaux cas confirmés par jour. La zone de santé de Nizi dépasse désormais quatre cents cas, consolidant sa position de quatrième foyer derrière Bunia, Rwampara et Mongbwalu.",,3874,301,1751,,,inrb_umie_2026_08_16_snapshot,official,high,provisional,1,secondary,clinical,response_breakdown,active,Bilan national INRB-UMIE/INSP; snapshot df7d1c5 du 2026-08-16; donnees preliminaires; deces suspects non communique(s) (ND).
ev_20260804_inrb_umie_update,2026-08-04,,drc_total,situation_update,3 973 cas confirmés et 1 801 décès : le cap des 1 800 morts est franchi,"Le 4 août, le bilan national atteint 3 973 cas confirmés et 1 801 décès confirmés. La progression en fin de semaine confirme que la flambée n'a pas ralenti pendant l'été. À Katwa, dans le Nord-Kivu, les cas confirmés dépassent deux cents, signe que le front méridional se consolide tandis que les foyers ituriers continuent de progresser.",,3973,270,1801,,,inrb_umie_2026_08_16_snapshot,official,high,provisional,1,secondary,clinical,response_breakdown,active,Bilan national INRB-UMIE/INSP; snapshot df7d1c5 du 2026-08-16; donnees preliminaires; baisse de cas suspects liee a revision/reclassement ou changement de definition cote source; deces suspects non communique(s) (ND).
ev_20260804_katwa_200_nk,2026-08-04,,katwa,situation_update,Katwa franchit les 200 cas : le Nord-Kivu confirme son deuxième front épidémique,"La zone de santé de Katwa, dans le Nord-Kivu, dépasse les 200 cas confirmés cumulés au 4 août. À plus de trois cents kilomètres au sud de Bunia, ce foyer péri-urbain s'est développé sans interruption depuis la mi-juin. Avec Butembo (92 cas), Lita (151) et Nia-Nia (112), il constitue l'ossature d'un second front provincial qui progresse en parallèle des foyers ituriers.",,200,,,,,inrb_umie_2026_08_16_snapshot,official,high,provisional,2,secondary,clinical,regional_spread,active,Ventilation par zone de sante au 04 aout; Katwa 200 cas confirmes cumulatifs; Lita 151; Nia-Nia 112; Butembo 92.
ev_20260808_inrb_umie_update,2026-08-08,,drc_total,situation_update,4 209 cas confirmés au 8 août : la flambée dépasse les quatre mille,"Le 8 août — les 5, 6 et 7 non publiés —, le bilan national franchit les quatre mille cas confirmés avec 4 209 comptabilisés et 1 916 décès confirmés. Ce bond de deux cent trente-six cas en quatre jours maintient la dynamique ascendante. Les données de ventilation par zone de santé ne sont pas disponibles pour cette date, mais les foyers d'Ituri et de Nord-Kivu restent les plus actifs.",,4209,,1916,,,inrb_umie_2026_08_16_snapshot,official,high,provisional,1,secondary,clinical,response_breakdown,active,Bilan national INRB-UMIE/INSP; snapshot df7d1c5 du 2026-08-16; donnees preliminaires; jour(s) entre le 2026-08-04 et le 2026-08-08 non publie(s) par la source (cadence SitRep); cas suspects et deces suspects non communique(s) (ND).
ev_20260809_inrb_umie_update,2026-08-09,,drc_total,situation_update,Le bilan dépasse les 2 000 décès confirmés,"Le 9 août, la RDC franchit le seuil des deux mille décès confirmés avec 2 011 morts pour 4 381 cas confirmés. Cette barre, atteinte en moins de quatre mois, témoigne de l'intensité d'une flambée qui a touché des dizaines de zones de santé de l'épicentre iturien jusqu'au Nord-Kivu. La mortalité confirmée a doublé en moins d'un mois.",,4381,,2011,,,inrb_umie_2026_08_16_snapshot,official,high,provisional,1,secondary,clinical,response_breakdown,active,Bilan national INRB-UMIE/INSP; snapshot df7d1c5 du 2026-08-16; donnees preliminaires; cas suspects et deces suspects non communique(s) (ND).
ev_20260809_butembo_2000_deaths_context,2026-08-09,,butembo,situation_update,Butembo et le Nord-Kivu face au franchissement des 2 000 morts,"Le jour où la RDC dépasse les deux mille décès confirmés, Butembo cumule une centaine de cas dans sa zone de santé. La ville, déjà durement éprouvée par l'épidémie d'Ebola de 2018-2020, affronte une nouvelle vague dans un contexte de mémoire épidémique collective. L'extension de la flambée depuis l'Ituri jusqu'au Nord-Kivu illustre la capacité du virus à utiliser les corridors de mobilité transinstitutionnels.",,,,,,,inrb_umie_2026_08_16_snapshot,official,high,provisional,2,secondary,clinical,regional_spread,active,Bilan contextuel; Butembo ~105 cas confirmes cumulatifs au 11 aout; ancrage geographique au jour du franchissement de 2000 deces confirmes.
ev_20260810_inrb_umie_update,2026-08-10,,drc_total,situation_update,4 449 cas confirmés : la flambée reste ascendante au-dessus des 2 000 morts,"Au 10 août, le bilan national atteint 4 449 cas confirmés et 2 061 décès confirmés. Soixante-huit nouveaux cas confirmés s'ajoutent en vingt-quatre heures, confirmant que la flambée ne montre pas de signe d'essoufflement. La progression s'inscrit dans un contexte de surveillance continue en Ituri et au Nord-Kivu, deux provinces qui concentrent l'essentiel des zones de santé touchées.",,4449,,2061,,,inrb_umie_2026_08_16_snapshot,official,high,provisional,1,secondary,clinical,response_breakdown,active,Bilan national INRB-UMIE/INSP; snapshot df7d1c5 du 2026-08-16; donnees preliminaires; cas suspects et deces suspects non communique(s) (ND).
ev_20260811_inrb_umie_update,2026-08-11,,drc_total,situation_update,4 566 cas confirmés au 11 août : le bilan le plus récent disponible,"Au 11 août, la RDC enregistre 4 566 cas confirmés et 2 128 décès confirmés depuis le début de la flambée en avril. Bunia, Rwampara, Mongbwalu et Nizi restent les quatre foyers les plus lourds en Ituri, cumulant ensemble plus de 2 500 cas confirmés. Katwa et Lita au Nord-Kivu dépassent respectivement 249 et 169 cas cumulés. Ce bilan constitue le dernier point de suivi disponible au moment de la mise à jour.",,4566,,2128,,,inrb_umie_2026_08_16_snapshot,official,high,provisional,1,secondary,clinical,response_breakdown,active,Bilan national INRB-UMIE/INSP; snapshot df7d1c5 du 2026-08-16; donnees preliminaires; cas suspects et deces suspects non communique(s) (ND).
